{
  "hash": "27529c2a",
  "configHash": "0b82666a",
  "lockfileHash": "9ba9909d",
  "browserHash": "3a87578f",
  "optimized": {
    "@angular/common": {
      "src": "../../../../../node_modules/@angular/common/fesm2022/common.mjs",
      "file": "@angular_common.js",
      "fileHash": "a62a6f07",
      "needsInterop": false
    },
    "@angular/core": {
      "src": "../../../../../node_modules/@angular/core/fesm2022/core.mjs",
      "file": "@angular_core.js",
      "fileHash": "e046d243",
      "needsInterop": false
    },
    "@angular/forms": {
      "src": "../../../../../node_modules/@angular/forms/fesm2022/forms.mjs",
      "file": "@angular_forms.js",
      "fileHash": "367b1f66",
      "needsInterop": false
    },
    "@angular/platform-browser": {
      "src": "../../../../../node_modules/@angular/platform-browser/fesm2022/platform-browser.mjs",
      "file": "@angular_platform-browser.js",
      "fileHash": "25e53e9b",
      "needsInterop": false
    },
    "@angular/router": {
      "src": "../../../../../node_modules/@angular/router/fesm2022/router.mjs",
      "file": "@angular_router.js",
      "fileHash": "14fd9d51",
      "needsInterop": false
    }
  },
  "chunks": {
    "chunk-UHBUL5DV": {
      "file": "chunk-UHBUL5DV.js"
    },
    "chunk-LIK5DR5J": {
      "file": "chunk-LIK5DR5J.js"
    },
    "chunk-57SFBYUE": {
      "file": "chunk-57SFBYUE.js"
    }
  }
}